ÀåÆ¼Çª½º,https://terms.naver.com/entry.nhn?cid=51004&docId=5550473&categoryId=51004
AÇü°£¿°,https://terms.naver.com/entry.nhn?cid=51004&docId=5550563&categoryId=51004
¼¼±Õ¼ºÀÌÁú,https://terms.naver.com/entry.nhn?cid=51004&docId=5550506&categoryId=51004
ÆÄ»óÇ³,https://terms.naver.com/entry.nhn?cid=51004&docId=5550449&categoryId=51004
È«¿ª,https://terms.naver.com/entry.nhn?cid=51004&docId=5550469&categoryId=51004
À¯Çà¼ºÀÌÇÏ¼±¿°,https://terms.naver.com/entry.nhn?cid=51004&docId=5550485&categoryId=51004
¼öµÎ,https://terms.naver.com/entry.nhn?cid=51004&docId=2119829&categoryId=51004
°áÇÙ,https://terms.naver.com/entry.nhn?cid=51004&docId=2119903&categoryId=51004
¸»¶ó¸®¾Æ,https://terms.naver.com/entry.nhn?cid=51004&docId=2119811&categoryId=51004
¼ö¸·±¸±Õ¼º¼ö¸·¿°,https://terms.naver.com/entry.nhn?cid=63064&docId=5695688&categoryId=63064
ÂêÂê°¡¹«½ÃÁõ,https://terms.naver.com/entry.nhn?cid=51004&docId=2119878&categoryId=51004
·¾Åä½ºÇÇ¶óÁõ,https://terms.naver.com/entry.nhn?cid=51004&docId=2119806&categoryId=51004
½ÅÁõÈÄ±ºÃâÇ÷¿­,https://terms.naver.com/entry.nhn?cid=51004&docId=2119899&categoryId=51004
¸Åµ¶,https://terms.naver.com/entry.nhn?cid=51004&docId=5550526&categoryId=51004
Æó·Å,https://terms.naver.com/entry.nhn?cid=51004&docId=2120048&categoryId=51004
